rank,title,artist,summary,rating
1,여우자매,rkddusl999,구미호 이야기,9.90
2,대학원 탈출일지,ari9402,대학원에서 살아남기,9.90
3,과학고 생존일지,zupam,과학고에 간 문과생,9.80
4,오사와 오폐수들,oreo_hunter,그냥 오사의 일상,9.90
5,여기서 한잔할래?,softred2008,수달의 혼술툰,9.70
6,저승파견고용직,skuldness,기묘한 러브액션로망,9.90
7,우리 카페 사장님이 이상하다,ae_gukja,이상한 카페 알바기,9.90
8,좀비 패밀리,momo7028,(구)신혼좀비,9.88
9,의대생 하루,leeclown,의대생의 리얼 일상,9.05
10,싱글맘맘이야,gimarie,싱글맘의 생생 실화,9.92
11,서폿저택에 어서오세요,sincj93,서폿만 사는 저택,9.86
12,"괜찮아, 고3이야",greeny227,너와나의 리얼고3툰,9.90
13,양송부부의 맛있는 한잔,synam87,술이 있는 일상,9.81
14,행복을 만드는 방법,ps5246,집착감금물,9.81
15,살인교사,twoluda,사람을 죽였습니다.,9.50
16,위닝샷!,wwko1012,청춘 야구 드라마,9.74
17,밤을 거둔 신기루는,kimsoondol51,부적 남주 쟁취기,9.86
18,느린한끼,bblumm,요리 만화,9.80
19,아스테리스크,salmonscholar,용과 소년소녀,9.89
20,우리집 강아지는 복슬강아지,lunarapple,댕댕이와의 일상:3,9.90
21,지극히 평범한 생활,sssuuntidld,!! 일상툰 !!,9.90
22,아오링도쿄,aoring12,도쿄 시트콤,9.89
23,아빠는 N살,fa3030,아빠 4컷 그림일기,9.90
24,이과지옥,wjsdudwo2002,이과 발암만화,9.76
25,생각보다 잘 자랐습니다,p_puffer,가정폭력 그후10년,9.87
26,하루의 하늘,iioioo,삼각관계 대학생활,9.52
27,몬스터 커맨더F,banacle,몬스터 판타지,9.87
28,집순이에 대하여,donghwa270,집순이들의 일상,9.74
29,판타지 TV,whddnjsdl99,판타지 인터넷방송,9.67
30,런어웨이,hama2294,초능력자들의 이야기,9.77
31,하이스쿨 콤플렉스(마이동풍),ralalala111,청춘로맨스,9.63
32,직업 : 며느리,happypme,결혼하면 겪는 일,9.47
33,나타나주세요!,7lgus,내 눈앞에!,9.53
34,대공녀는 거기에 없었다,mihyo430,가상중세시대물,9.71
35,생존일지,ddj05157,사람들의 이야기,9.87
36,포로롱 포롱,made_by_jey,수인들의 학교생활,9.84
37,오늘도 그래고래,graegorae21,힐링 미스터리 웹툰,9.83
38,수영만화일기,haeomoon,"저질체력,수영-하다",9.86
39,나부활,hl4600,나는사람을살릴수있다,9.80
40,내 룸메이트는 마네킹,seo_toon721,마네킹과 산다고 ?,9.81
41,하나리즈,hanalizofficial,레즈비언 커플이야기,8.88
42,살인범과 산다,twoluda,동네에일어난연쇄살인,9.12
43,잔액이 부족합니다,yngjkg_aaa,대중교통 일상툰,9.89
44,여긴 불빛이 안 드는 곳이야,sksms5100,학교 로맨스 코미디,9.80
45,운명...인가요?,remu0117,나와 이어진 운명은,9.89
46,(Old)악마법소녀,hamiamin925,마법과 내뱉은 말,9.88
47,남편 먹는 여자,na2silver,남자 잡는 사주,9.46
48,발버둥치다,dongdungdong,우울증 이야기,9.89
49,만월에 핀 연꽃,issue1467,고려시대 사랑이야기,9.67
50,중간계 사우나,jh_20764,힐링 러브코미디,9.83
51,이세계 국밥 마스터,jung_dok,그 돈이면 국밥먹지,9.58
52,생산직 툰,whdnjsgml1,생산직 4컷 만화,9.78
53,우리 가 꿈,vldksh827,섭식장애이야기,9.84
54,시크릿가족,cream3891,성교육웹툰,9.87
55,아틀레냐 비바체,kez512,치유계 개그물,9.86
56,눈치없는 내 친구!,ybj0136,청춘 캠퍼스 개그물,9.78
57,국제결혼개그만화,optko,한-러커플 개그만화,9.89
58,미신반신,raju_54,착하게미친남주예요,9.10
59,올어바웃 You,bonka_you,귀염뽀짝 국제연애툰,9.84
60,좋아하는거 참으면 병나요!,atsu7045,좋아하는건 못참아,9.70
61,낮잠 자는 사람들,dwrumi,지하창작인밀착일상툰,9.90
62,무엇이든 그려드립니닷!,jsclubkkc00,무엇이든그려드립니닷,9.87
63,엑스프렌즈,qweasdl11,이별 사연 에피소드,9.84
64,"뼈와 재, 불의 이야기",dlf313,격주 월요일 연재,9.47
65,카나와 초나의 독일,canachona,독일 생존기,9.87
66,언니가 돌아왔다,bobaa4100,죽은언니가 돌아왔다,9.84
67,나는 마요 집사로소이다,jengrl,쉽지 않은 집사생활,9.84
68,서툴고 어리숙해도 좋아하는,argue234,내가 걜 죽였다고?,9.88
69,실험학교,mmaa23,변형자들의 학교,9.89
70,그래도 하루는,mangchi_16,희노애락 투병일기,9.87
71,너와 가까워지는 거리,flfldh123,소프트BL,9.65
72,죽 쑨 만화,mulleongpatjuk,아싸 대학생의 일상,9.81
73,맹랑맘마 MEMORY,jjunesama,다시 쓰는 일기,9.84
74,결혼하고 싶지 않았는데 못하게 되었다.,jungpd73,안하느냐 못했느냐,9.85
75,죽음과 동화,todmarchen,두려움.증오.사랑,9.87
76,86'd,junbugart,주방 만화,9.85
77,리드래프트,nyomin2010,야구에 만약이있다면,9.85
78,자작 보드게임 동아리,hwang-han,자작 보드게임 만화,9.74
79,범고래아가씨,leehhwh2006,달달한 연애일상,9.71
80,감각의 어빌러티,toyan8210,특이한친구들의능력은,9.87
81,천상대전,myjune210,천상대전,9.87
82,전지적덕후시점,gurwp124,나의 덕질 라이프,9.66
83,AI폰 아리랑,qodtjr802,AI폰 아리랑,9.87
84,정령왕즈,icart34,정령왕들이 조잘조잘,9.88
85,분노의 난임일기,kierstein,난임 정복 웹툰!,9.78
86,두꺼비집,blackrabbit94,가출청소년공포스릴러,9.81
87,한 뼘 공포집,kokosy1123,조금 찝찝한 이야기,9.52
88,어둠의 일상툰,psh911121,어둠의 일상,9.65
89,깜빡깜빡,qnfdksgksaltnrgp,반짝이의 일상,9.90
90,채채쓰의 웃픈일기,cheche513,왜 삶은 웃플까요?,9.87
91,만화 임진왜란,kimkhns,쉽고 웃긴 임진왜란,9.77
92,스토커의 하루,xxxvangogh,여자 스토커의 사랑,9.69
93,제제와 함께,lsanoa,장애아이와 형제,9.81
94,템플러,lsy9384,퇴마물 엑소시스트,9.48
95,너와 나의 몰디브,yonbuck,30대 연애와 결혼,9.44
96,홈 스윗 홈,4nab2,네식구 사는 이야기,9.86
97,LADS'PARTY,dpqls504,판타지 액션,9.76
98,오늘을 담다.,isssam,도시락 일상이야기,9.89
99,미친 꽃은 답도 없다,ppp7116,로판 / 자유연재,9.76
100,딴 짓이 제일 재밌어,wldud92221,딴 짓 찾아 놀기,9.70
101,너와 나의 하늘색,zzoostudios,웹툰창작 청춘로맨스,9.66
102,500원 토끼,tomak89,500원토끼의 일상,9.72
103,함께 할 때까지,bakahodu,곰신바카,9.63
104,루텔,xkawlrus,력家네,9.90
105,틈,vampirism,틈을파고드는 이야기,9.85
106,좀비랜드,dlsgh961004,좀비랜드 탈출기,9.57
107,러브 햄츄얼리,ekgpouo32,햄지 연애 성공기,9.78
108,오무라이스 프로젝트,cjstkqhrja0503,다함께 오무라이스!,9.77
109,뿅가이,ga_iee,간다 간다 뿅간다,9.86
110,타챠노트,tah_cha,프리랜서일기,9.80
111,모두의 미아씨,punkwitch,미아씨의 매일매일,9.37
112,산군대잔치,d_young0120,강아지 산군의 일상,9.85
113,소라비의 잡화점,jeong_rabbit,#남장여자,9.76
114,"77년생, 열아홉",ho---du,멈춘 시간,9.71
115,나랑노랑~이제는 괜찮은 이야기,daily2ellow,이젠 괜찮은 이야기,9.86
116,방에 콕! 진댕,dhleh,방에 콕! 일상툰,9.87
117,내 매력에 퐁당,sstyeon0324,내 매력에 퐁당!,9.57
118,러브 유어 시스터,echoiss,사랑스럽고수상한남자,9.83
119,공원여행,mingmong1010,과거로 돌아온 옹주,9.34
120,식봉툰,rrrr33333,일상적인 이야기,8.81
121,마이데이,nia_j,"순정,학업로맨스",9.68
122,젤라 유니버스,guraeng2raenggu,안젤라 일대기,9.86
123,클리셰,lee62113,악당들의 입장에서!,9.86
124,구나의 그랬구나,7sevsn7,어린이집 교사냥이,9.90
125,사는 게 이게 모양?!,studio_maeil,모양이와 일상생존기,9.75
126,띵동! 도토리에요,rkdroswl99,너튜브하는 마법사,9.69
127,방구석수필,dksdkaeh,실화 단편 에피소드,9.89
128,체리 블러드,enica1,액션X판타지X로맨스,9.44
129,우당탕 입큰이,plantera-52,입이 커 슬픈 짐승,9.58
130,쿤도덥브라더스,boramynaong,개와 고양이의 동거,9.88
131,솔의 일기,sone2233,흔하면서도흔하지않은,9.72
132,158동 진상부부,hee81hoo,부부의 진짜 일상,9.36
133,너구리네 육아일기,msguri,육아일기,9.77
134,행복을 찾다.,dkfqka543,아마 순정만화,9.85
135,국밥소녀,isw339,국밥에 미친 소녀,8.55
136,이래봬도2학년,dreamfully,초등학교 이야기!,9.72
137,두남자일기,h_sooni,평범한 동거,9.71
138,빨간 고백,dlapfajgkwl,널 기다려,9.75
139,프라이머리 컬러,horo199,게임회사 입사꿀팁!,9.79
140,김작가의 오춘기 그림일기,da2a35,오춘기를 앓고있어요,9.85
141,사랑하는 제자들,hy_mn,나갈 수 없는 학교,9.80
142,무존재감,lunchxiii,[​​    ​​],9.87
143,애포칼립스,mh820619,좀베창궐 문명파괴,9.12
144,해피하우스,skrn486,내 직업은 귀신,9.51
